scenario_id,hub_id
S0,WH_0814
S0,WH_0613
S0,WH_1541
S0,WH_1134
S0,WH_1133
S1,WH_1560
S1,WH_0878
S1,WH_1465
S1,WH_0517
S1,WH_1016
S2,WH_1353
S2,WH_0328
S2,WH_1798
S2,WH_1827
S2,WH_0439
S3,WH_0770
S3,WH_0920
S3,WH_0423
S3,WH_1752
S3,WH_1152
S3,WH_0282
S3,WH_1385
S4,WH_0886
S4,WH_0985
S4,WH_1471
S4,WH_0576
S4,WH_0763
S4,WH_1725
S5,WH_0815
S5,WH_1802
S5,WH_0404
S5,WH_1290
S5,WH_1452
S5,WH_0377
S6,WH_1423
S6,WH_0889
S6,WH_1239
S6,WH_0240
S7,WH_0141
S7,WH_0136
S7,WH_0201
S7,WH_1775
S8,WH_0624
S8,WH_0029
S8,WH_0667
S8,WH_0499
S8,WH_1283
S8,WH_1226
S8,WH_0013
